{"type_time_dict": {"S": [[192, 192]], "B": [[285, 285]], "R": [[325, 325]], "b1": 238, "b2": 305, "b3": 487}, "exist": true, "state machine": {"store_exist": false, "store_sm": [], "load_exist": true, "load_sm": [0, -1, 14, 16, 60, 1, 0, 28], "load_seq": "6a"}, "hash": {"hash_func": [[0, 12, 24, 36], [1, 13, 25, 37], [2, 14, 26, 38], [3, 15, 27, 39], [4, 16, 28, 40], [5, 17, 29, 41], [6, 18, 30, 42], [7, 19, 31, 43], [8, 20, 32, 44], [9, 21, 33, 45], [10, 22, 34, 46], [11, 23, 35, 47]], "hash_va": false, "hash_seq": "6a", "expected_sm_val": 32}, "org": {"eviction_set_size": 4, "confidence_eviction_set_size": 1.0, "replacement_policy": "nlru", "confidence_replacement_policy": 0.0, "size": 64, "set": 16, "set_index": 15, "confidence_parameters": 1.0}, "time": {"exist": 19.37567114830017, "sm": 16.88257932662964, "hash": 954.1558995246887, "org": 1033.3429381847382}}