{"type_time_dict": {"S": [[186, 186]], "B": [[256, 256]], "R": [[290, 290]], "b1": 221, "b2": 273, "b3": 435}, "exist": true, "state machine": {"store_exist": false, "store_sm": [], "load_exist": true, "load_sm": [0, -1, 14, 0, 42, 1, 0, 28], "load_seq": "5a"}, "hash": {"hash_func": [[11, 23, 35, 47], [0, 12, 24, 36], [1, 13, 25, 37], [2, 14, 26, 38], [3, 15, 27, 39], [4, 16, 28, 40], [5, 17, 29, 41], [6, 18, 30, 42], [7, 19, 31, 43], [8, 20, 32, 44], [9, 21, 33, 45], [10, 22, 34, 46]], "hash_va": false, "hash_seq": "5a", "expected_sm_val": 14}, "org": {"eviction_set_size": 2, "confidence_eviction_set_size": 1.0, "replacement_policy": "fifo", "confidence_replacement_policy": 1.0, "size": 32, "set": 16, "set_index": 15, "confidence_parameters": 1.0}, "time": {"exist": 20.107004404067993, "sm": 14.670559406280518, "hash": 1222.8592002391815, "org": 1615.5130767822266}}