{"type_time_dict": {"S": [[190, 190]], "B": [[249, 249]], "R": [[293, 293]], "b1": 219, "b2": 271, "b3": 439}, "exist": true, "state machine": {"store_exist": true, "store_sm": [0, -1, 4, 3, 4, -1, 0, 0], "load_exist": true, "load_sm": [0, -1, 15, 16, 62, 1, 0, 30], "store_seq": "a", "load_seq": "a4na4na4na4na4n"}, "hash": {"hash_func": [[11, 23, 35, 47], [0, 12, 24, 36], [1, 13, 25, 37], [2, 14, 26, 38], [3, 15, 27, 39], [4, 16, 28, 40], [5, 17, 29, 41], [6, 18, 30, 42], [7, 19, 31, 43], [8, 20, 32, 44], [9, 21, 33, 45], [10, 22, 34, 46]], "hash_va": false, "hash_seq": "a4na4na4na4na4n", "expected_sm_val": 32}, "org": {"eviction_set_size": 2, "confidence_eviction_set_size": 1.0, "replacement_policy": "lru", "confidence_replacement_policy": 1.0, "size": 32, "set": 16, "set_index": 15, "confidence_parameters": 1.0}, "time": {"exist": 23.85851263999939, "sm": 44.64475178718567, "hash": 3485.8203077316284, "org": 1208.342814207077}}